review,rating,date,source,url
Bad. Only advitisments 🤬,1,2026-07-04T10:29:49-07:00,Apple App Store,
About Spotify aap. I have never seen a aap like Spotify And the songs are very nice may you Listen Kishore Kumar Mohammed Rafi there songs must to listen on Spotify,5,2026-07-04T10:23:28-07:00,Apple App Store,
No premium. There is no pro so like nah broo,3,2026-07-04T08:51:21-07:00,Apple App Store,
Experience 🫡. Interface is amazing,5,2026-07-04T07:38:28-07:00,Apple App Store,
Amazing. No words to explane its mind blowing 😍😍😍🥰🥰,5,2026-07-04T06:30:44-07:00,Apple App Store,
5/5 Rating. Excellent App for personalised Recommendations and awesome music library,5,2026-07-04T05:39:00-07:00,Apple App Store,
Great App. Great UI & UX I hope they get lose less soon,5,2026-07-04T05:22:48-07:00,Apple App Store,
Gd app. Vry useful app for song listening,4,2026-07-04T05:01:43-07:00,Apple App Store,
Enjoy unlimited. Music is the cure . Beautify your life with Spotify. Clarify your thoughts and Rectify it through Spotify,5,2026-07-04T04:12:35-07:00,Apple App Store,
Just forget about what people say and just download it u will love it anyways. Serious,4,2026-07-04T03:44:36-07:00,Apple App Store,
Waste of time. Don't recommend,1,2026-07-04T02:55:13-07:00,Apple App Store,
"🥀💢. Spotify is good, but jin logo ne spotify premium nai lia hei tou thde bht gaane sunne k bdd apne app hi chlte hei apni choice k nai lgte hei ek particular gaane ko choose krte hei tou koi or sa lg jata hei. This is its minus point..!!",3,2026-07-03T23:27:33-07:00,Apple App Store,
Better than other platforms. Amazing experience,5,2026-07-03T22:47:43-07:00,Apple App Store,
"Toooo toooo tooo much ads,",3,2026-07-03T22:23:14-07:00,Apple App Store,
bad. to many stupid adds forcing to buy premium but no one is buying,1,2026-07-03T21:38:23-07:00,Apple App Store,
Does not supporting subscription,1,2026-07-03T20:11:46-07:00,Apple App Store,
Not ads free I am not interested,1,2026-07-03T18:29:24-07:00,Apple App Store,
What I like(>_<). I like that it has so many songs. I like that it has offline backup sometimes it’s the only thing that i can use without Wi-Fi! It’s very easy to understand and use. I don’t like…. Nothing Spotify has everything I know the probably won’t see this but thank you for the music! ~😋,5,2026-07-03T13:33:08-07:00,Apple App Store,
No stars. Bc bass ye log se ad chalva lo,1,2026-07-03T12:37:04-07:00,Apple App Store,
Too bad. Totally useless,1,2026-07-03T11:30:20-07:00,Apple App Store,
high on. musicc with spotify,5,2026-07-03T11:06:58-07:00,Apple App Store,
Off from the world. Music breaks me and heals me at the same time…it’s the only thing that feels nyc even after getting break for the whole,5,2026-07-03T10:47:42-07:00,Apple App Store,
Amazing. Just too good,5,2026-07-03T10:10:18-07:00,Apple App Store,
Much recommended. Good quality music,5,2026-07-03T09:59:11-07:00,Apple App Store,
"Mic option. It would be better if Spotify displays mic icon also So we can search songs faster by speaking, instead of typing.",4,2026-07-03T09:40:18-07:00,Apple App Store,
I am 58 but this app keeps me connected with all latest trends in music ….i could expire all kinds of genres … I loved to play my song list while on drive or at home….loved it a lot💕,5,2026-07-03T07:55:01-07:00,Apple App Store,
Worst app. You really thought people are going to continue use Spotify after the update of not being able to play our choice of songs without premium and the ads are just too much now. Deleting the app right away and will ask my friends and family to do the same !,1,2026-07-03T07:44:09-07:00,Apple App Store,
Too ads. Disappointed,1,2026-07-03T06:51:20-07:00,Apple App Store,
"Spotify has so many different songs and options to choose from.. I like Spotify because it also has different songs of different languages like : Hindi,Tamil,Kannada,Telugu and Malayalam.",5,2026-07-03T05:49:52-07:00,Apple App Store,
Spotify love. Love all the latest collections and their album,5,2026-07-03T05:21:28-07:00,Apple App Store,
Free of cost. Every thing is fine so please make this as an free app without subscription,4,2026-07-03T04:58:33-07:00,Apple App Store,
Really amazing for music. Loved the app using it for years,5,2026-07-03T03:14:27-07:00,Apple App Store,
"Spotify honest review. This is the worst app to exist….I mean it is to point that you cannot play the songs you desire, play in order is far away from it…..very greedy…if I could, I would give 0 stars",1,2026-07-03T01:38:05-07:00,Apple App Store,
Cant think of any other app for music. Its Spotify or nothing,5,2026-07-03T00:06:15-07:00,Apple App Store,
Too good. You get all the somgs which u want for all the mood,4,2026-07-02T23:18:33-07:00,Apple App Store,
Awesome app. Interface is good,5,2026-07-02T22:47:45-07:00,Apple App Store,
Better than ever. No music app is better than spotify,5,2026-07-02T21:55:29-07:00,Apple App Store,
Ads and shuffling of songs. Less ads and stop shuffling without consent,3,2026-07-02T20:07:08-07:00,Apple App Store,
Spotify review. So many adds also plays music at itself very irritating app switching soon from this weird app,1,2026-07-02T19:53:45-07:00,Apple App Store,
Unable to obtain any offer which listed not user friendly more complicated,1,2026-07-02T19:37:40-07:00,Apple App Store,
Unreasonable Plans with no Consideration for the user. It’s high time we start shifting to YouTube.,1,2026-07-02T18:44:29-07:00,Apple App Store,
Very much ads. Ads disturbing very much,2,2026-07-02T18:35:09-07:00,Apple App Store,
Cool. Try to give premium for free,5,2026-07-02T16:33:45-07:00,Apple App Store,
#Gaytify. R there any gaything award exists that ur developers trying to get it ?,1,2026-07-02T14:08:51-07:00,Apple App Store,
Peace. Whenever you feeling low just turn on spotify on,5,2026-07-02T13:48:57-07:00,Apple App Store,
Bairen. First class💪🏻,5,2026-07-02T11:57:15-07:00,Apple App Store,
Best over any songs all are available and good sound quality,5,2026-07-02T11:51:08-07:00,Apple App Store,
Bad review. Too much ads for no reason + extreme restrictions for next music and queue,1,2026-07-02T11:50:59-07:00,Apple App Store,
worst app for music very greedy!,1,2026-07-02T11:22:30-07:00,Apple App Store,
Ellam okay but... Not good coz u missed a song from grandmaster malayalam movie,5,2026-07-02T08:41:06-07:00,Apple App Store,
Nice. Every day every minute news Spotify.,5,2026-07-02T07:16:23-07:00,Apple App Store,
Music is my life support . I would appreciate if spotify manages to give ads in a less interrupting way.,4,2026-07-02T07:10:51-07:00,Apple App Store,
Advertisement. Too much of advertising,3,2026-07-02T06:49:19-07:00,Apple App Store,
Request. Dont annoy me after the premium ends,5,2026-07-02T06:34:57-07:00,Apple App Store,
Worst. Every day listening after 5 songs ask to go for the premium subscription.👎🏻👎🏻👎🏻👎🏻 i am uninstall this,1,2026-07-02T05:39:54-07:00,Apple App Store,
Mashup segment. Could be better if we have mashups or mix like YouTube one,4,2026-07-02T03:57:55-07:00,Apple App Store,
Worst app. To much adds after every single music when you had mood to listen music you instead had to listen ads in this app YouTube is better than this !,1,2026-07-02T02:31:45-07:00,Apple App Store,
Worst app. Worst music app ever,1,2026-07-02T02:02:17-07:00,Apple App Store,
"Best for djs. Crossfade,bpm,suggestions",5,2026-07-02T00:40:34-07:00,Apple App Store,
On premium. You are giving so much pressure to take premium what should we do if we are poor or liable to someone,1,2026-07-02T00:11:35-07:00,Apple App Store,
Very good but will be the best if there are some limited amount of ads,5,2026-07-02T00:08:30-07:00,Apple App Store,
Advertisement. Don’t send the ad plz I love your Spotify,5,2026-07-01T23:33:57-07:00,Apple App Store,
Spotify is offline. Whenever I connect the phone in apple car play Spotify shows offline and doesn’t let me play Tried uninstalling also didn’t work,1,2026-07-01T22:45:29-07:00,Apple App Store,
"Too much promotion. At Spotify was good but now too much advertisement and can’t play next song of our likes, Spotify is turning too much to commercial purposes.",2,2026-07-01T22:34:20-07:00,Apple App Store,
awsm app. bhut bdhiya,5,2026-07-01T20:38:50-07:00,Apple App Store,
Sai Poothotta. Great for musical enjoyment,5,2026-07-01T19:17:11-07:00,Apple App Store,
Ads issue. Dawg indian spotify genuinely needs to works on reducing their ads like cmon gng who on earth wanna listen to 2-3 songs without any skips nd always instantly pops up 2-3 ads inna arow boa slow down advertising all these unkown artist😂✌🏽,2,2026-07-01T14:24:51-07:00,Apple App Store,
bc yeh har cheez mai add dalna band kro aur suscriptiok chikana bhi. samjhee,3,2026-07-01T14:06:57-07:00,Apple App Store,
skip option. why 6 skips in hour only?,2,2026-07-01T12:38:29-07:00,Apple App Store,
Free option really sucks. Yeah it suck’s daily limit on everything and give me my full 30 min ad free listening time after a ad bruh,3,2026-07-01T12:28:26-07:00,Apple App Store,
Overall. Outstanding 10/10,5,2026-07-01T12:05:49-07:00,Apple App Store,
wonderfull. ❤️❤️❤️❤️,5,2026-07-01T10:26:19-07:00,Apple App Store,
"Kanika kohli. Bad experience, no choice of repeating and no choice or playing music as per listener. Who are you to decide what song will be played next. Means clearly no sense or using this app again. We have n numbers of app who will play our song without forcing us to pay for the same.",1,2026-07-01T08:19:29-07:00,Apple App Store,
Best song listening app. Easy to use best play list cheap premium…,5,2026-07-01T07:39:07-07:00,Apple App Store,
Worst audio quality vs Amazon Spatial Audio. Poor,1,2026-07-01T07:23:08-07:00,Apple App Store,
"Trash can’t even select a don’t. Spotify is just into taking people’s money , we can’t even select the songs , everything was going great until u can’t skip a song and u can’t select a song , I app deleted from my device which is Spotify , I had high hopes from u. Can’t give a half star because it is not working or I would have given u 0 , frisking trash app now.",1,2026-07-01T07:15:58-07:00,Apple App Store,
Phenomenal. Supercalifragilisticexpialidocious,5,2026-07-01T05:52:51-07:00,Apple App Store,
❤️. Best aap for music listeners ☺️,5,2026-07-01T04:02:44-07:00,Apple App Store,
To my love. Koi nahi hea mera spotify ka bina,5,2026-07-01T03:16:50-07:00,Apple App Store,
👍👍👍💯💯💯💯. So very super,5,2026-07-01T02:15:15-07:00,Apple App Store,
Every thing is now pay to use. Wth is happening to spotify?? Might as well now use yt music 🤦‍♀️,1,2026-07-01T01:33:07-07:00,Apple App Store,
"Where is Dolby Atmos sound, bring it",5,2026-07-01T01:13:59-07:00,Apple App Store,
About spotify. I love spotify but Whenevr im enjoying the music Ad will ruin 😔,5,2026-06-30T23:19:16-07:00,Apple App Store,
Not smart. Recommendations are not as good as YouTube. I have to think and choose,4,2026-06-30T22:38:47-07:00,Apple App Store,
Worst experience. I have purchase premium subscription for 3 month which is ad free but now ad not remove from my subscription,1,2026-06-30T22:07:28-07:00,Apple App Store,
Worest app in market,1,2026-06-30T19:33:07-07:00,Apple App Store,
To many ads. After membership ads is coming look into this,2,2026-06-30T19:14:19-07:00,Apple App Store,
"Overall nice. Good platform for podcast but sucks for music if you’re poor like me, but you are rich and can buy premium then it’s awesome for music streaming",5,2026-06-30T19:12:06-07:00,Apple App Store,
Small suggestion. If you could add a feature where we can move positions of our liked songs,5,2026-06-30T18:04:58-07:00,Apple App Store,
Ghainttttttt 👌. ❤️💪🏻,5,2026-06-30T17:57:52-07:00,Apple App Store,
My lovely songs. Spotify makes me so happy that no one make me happy and satisfied in this world 🫶🏻❤️🫶🏻,5,2026-06-30T13:27:16-07:00,Apple App Store,
Besttt. Betsttststststs,5,2026-06-30T12:44:20-07:00,Apple App Store,
"Getting worst. Nowadays, we can only play 10 music per day, The unsubscribe Spotify account and we can’t move or we can’t play the other song after 20 song, we agree your Spotify premium needs without add platform, but otherwise you can give some ad and we need more songs to play, like we need to play, what we need and nowadays it’s become more advertisement to play the music. That’s all I will go to another application with like a no shuffle play is needed, but otherwise we are not problem about the advertisement and we can’t why why should",2,2026-06-30T09:27:46-07:00,Apple App Store,
Forcefully put songs in queues. Let listener select the songs,1,2026-06-30T09:20:04-07:00,Apple App Store,
Repeating all the song again and agai,1,2026-06-30T07:41:41-07:00,Apple App Store,
Spotify. Life is mistake without music,5,2026-06-30T07:02:15-07:00,Apple App Store,
Hateful. App forces to buy premium very bad,4,2026-06-30T06:06:59-07:00,Apple App Store,
Please change the sidebar. I’ve always liked the left side more than the right side it is more confident with the sidebar being at the left please change it again,5,2026-06-30T05:49:22-07:00,Apple App Store,
Asking for premium. I am using this app last 2 month but now it’s asking me for premium for any song which I have’d like,1,2026-06-30T05:18:40-07:00,Apple App Store,
Appreciation. Good enough to rate,5,2026-06-30T04:59:40-07:00,Apple App Store,
"Please provide more adds , it’s very less 😄 I would still not like to take subscription 😆",5,2026-06-30T04:56:47-07:00,Apple App Store,
Bad. Not best aap in music ad. Issue and song quality.issue,1,2026-06-30T02:58:43-07:00,Apple App Store,
Need to work. So many adds n the one who is not premium can not play after 5 forwards …why N to buy premium u can not do from app u hav to open website why,3,2026-06-29T22:42:22-07:00,Apple App Store,
Life saviour 💯✨♾️. Using it since 12th now…loyal to Spotify. Thanks for being there 🔥🥰🫶,5,2026-06-29T19:28:03-07:00,Apple App Store,
Too many ads then YouTube,1,2026-06-29T18:59:29-07:00,Apple App Store,
Not playing playlist song. I am listening the sogs minimum 1 hour after that it stos to play my playlist songs ans says ro buy primium,1,2026-06-29T14:17:03-07:00,Apple App Store,
Best Music App. Subscription is too expensive,4,2026-06-29T13:27:30-07:00,Apple App Store,
"spitify ❌ advertising ✅. can u please stop these advertisements, after just 3-4 song 1min ad , what am i supposed to hear ??",1,2026-06-29T13:17:22-07:00,Apple App Store,
⭐⭐⭐⭐⭐ Best Music App Ever! ❤️💚💚💚💚💚💚. Spotify is honestly the best music app I have ever used ❤️ The sound quality is amazing the app is smooth and it has almost every song I want to listen to Even the free version gives so many great features which I really appreciate. Thank you Spotify for making music accessible to everyone. Whether I’m working traveling or relaxing Spotify is always with me You have created an incredible platform for music lovers Keep up the amazing work! Wishing the Spotify team even more success.💚💚💚💚💚💚 ⭐⭐⭐⭐⭐ 5/5 5 stars are not enough for Spotify If I had the option I would happily give 100 stars Thank you for such an amazing music experience💚💚💚💚💚💚💚💚,5,2026-06-29T12:41:54-07:00,Apple App Store,
About ads. This app is very best for music. But middle of every so coming ads its very worst . Every one not buy premium,3,2026-06-29T11:43:25-07:00,Apple App Store,
Awesome app. The app is soo cool I loved this 😍❤️,5,2026-06-29T10:58:41-07:00,Apple App Store,
Explore premium remove 😠. 🙃,1,2026-06-29T10:48:07-07:00,Apple App Store,
App takes 15 min to open in my iPad. It’s horrible it takes too much time to open it kills the vibe to open a app,1,2026-06-29T10:10:15-07:00,Apple App Store,
Too many adds:(. Many adds and they force u to take the premium Other than that it is a ……good app,2,2026-06-29T10:08:26-07:00,Apple App Store,
"Worst app. WORST MUSIC APP EVER… If you want to listen the same song twice or thrice, you need to be premium member for that, like seriously!! It’s better to listen from Wynk or Jio music or even better to listen from YouTube… Worst ever experience with this app honestly..",1,2026-06-29T08:57:47-07:00,Apple App Store,
best songs 🤌❤️‍🩹🫶🏻. great 🫶🏻❤️‍🩹,5,2026-06-29T08:31:43-07:00,Apple App Store,
Rima car channel. Reena Chaudhary hair,4,2026-06-29T08:28:51-07:00,Apple App Store,
"This app is soo good and I would actually recommend this app. The only problem is that these people are MONEY EATERS. I can’t hears five songs without being interrupted by ads. And these ads aren’t just one, they’re atleast 30 secs long and two or three come along Premium is not that costly too but kindly reduce ads for the non premium users Thank you",4,2026-06-29T07:42:51-07:00,Apple App Store,
!!!. Too much adds Worst aap for adds,1,2026-06-29T07:40:37-07:00,Apple App Store,
There was so ad’s please remove some,3,2026-06-29T07:02:26-07:00,Apple App Store,
"Too much adds, too commercial",2,2026-06-29T06:39:52-07:00,Apple App Store,
Too good. Little high price make low,5,2026-06-29T06:01:55-07:00,Apple App Store,
Softness. The quality of music so best use premium headphones then Spotify premium you’ll be amazed the difference in quality of music,5,2026-06-29T05:55:16-07:00,Apple App Store,
"Adds free. I paid three times in one week for ad-free music, yet ads are still playing.",1,2026-06-29T04:36:52-07:00,Apple App Store,
"Bhikhari app. Worst app ever to exist… These are the real beggars, won’t let u listen a single song in peace until U pay & that too Rs. 149/- a month, that’s Rs. 1788/- a year ! That’s too much for listening music",1,2026-06-29T03:03:35-07:00,Apple App Store,
Glitches on ios. Tf is wrong now i can’t search for songss!! For the last two dayssss,4,2026-06-29T01:32:31-07:00,Apple App Store,
Amazing. Love this app❤️🤌🏻,5,2026-06-29T00:38:16-07:00,Apple App Store,
Premium problem. I didn’t get my premium where’s my premium i want t,1,2026-06-29T00:20:54-07:00,Apple App Store,
At this point i need a lifetime subscription Spotify also a job if possible 🤣🤣 preferred technical. All of me loves all of you!,5,2026-06-28T23:20:53-07:00,Apple App Store,
very good. lack of jankaar,4,2026-06-28T21:20:51-07:00,Apple App Store,
Nice app. Best song app,5,2026-06-28T20:21:37-07:00,Apple App Store,
I can’t repeat music episodes. The title explains it all.,3,2026-06-28T16:32:06-07:00,Apple App Store,
It’s all GREAT but one thing ... I LOVE Spotify !! It’s the best !! But … so many things aren’t free .. and as an 11 year old I can’t buy Spotify Premium on my phone .. so I would request you to atleast like let us play infinite songs without premium .. ads are fine but like we can’t play infinite songs without songs and can’t play our fav part after doing it a lot .. so yea but over all it’s GREAT !!,4,2026-06-28T12:20:15-07:00,Apple App Store,
Market leader. My go to app for all songs.,5,2026-06-28T10:17:28-07:00,Apple App Store,
To spotify. After some song of our choice its does not play that song thai i want to play,1,2026-06-28T10:08:30-07:00,Apple App Store,
The number 1 promoter. ADD KING,1,2026-06-28T08:32:17-07:00,Apple App Store,
Very average. Way Too many ads,2,2026-06-28T07:22:41-07:00,Apple App Store,
The best music app ever ! Love it!,5,2026-06-28T04:02:14-07:00,Apple App Store,
Students price is higher then other platforms. Price is very high then others platforms one more at that premium we have the same loseless quality and same benefits which they provide to premium plan,4,2026-06-28T03:20:59-07:00,Apple App Store,
My fav music listening app. My fav,5,2026-06-28T01:59:17-07:00,Apple App Store,
Best App. One of its own kind,5,2026-06-28T00:46:26-07:00,Apple App Store,
"""Spotify is fantastic for music lovers! The sheer volume of songs available is amazing, and the personalized playlists are always spot on. It's my daily soundtrack for everything. 5 stars for sure!""",5,2026-06-28T00:41:55-07:00,Apple App Store,
About Spotify. Mind blowing music app,5,2026-06-28T00:38:08-07:00,Apple App Store,
Best songs. Best for listening songs award goes to Spotify 🥳🥳,5,2026-06-28T00:24:23-07:00,Apple App Store,
Best music app. Really enjoying the app as i love listening to music and i have taken a premium account so that i dont have disturbing ads. It has made my life full of music,5,2026-06-28T00:15:15-07:00,Apple App Store,
Very good for a person who likes or should I say loves phones. Ahaan,5,2026-06-27T23:49:11-07:00,Apple App Store,
Not enjoyable ads intteruptions. Worst without subscription after 30mins it starts playing as per its wish worst evere,1,2026-06-27T23:31:55-07:00,Apple App Store,
Its too much add. I love spotify but one problem After 4 songs add is coming i dont Like aadd,5,2026-06-27T22:59:36-07:00,Apple App Store,
purchase spotify premium. purchasing problems aarha hai ho nhi rha hai,5,2026-06-27T22:41:37-07:00,Apple App Store,
Good experience. Car play works very well.,5,2026-06-27T22:21:48-07:00,Apple App Store,
not liking this. now i have to have premium to listen to my fav songs ?? like whats this ?? u are choosing then what i will listen ??,1,2026-06-27T22:14:29-07:00,Apple App Store,
Bad song quality. Improve the quality for Spotify free.,1,2026-06-27T22:08:39-07:00,Apple App Store,
RETRO CADENCE MUSIC SPOTIFY 2026. Prodigious,5,2026-06-27T21:19:24-07:00,Apple App Store,
Deepak Singh 💕. Good music app ❤️,5,2026-06-27T17:12:03-07:00,Apple App Store,
"Worth every single penny. Still the best music app out there. The recommendations are always spot on, the interface is smooth, and I love how easy it is to discover new artists. Keep up the great work!",5,2026-06-27T16:44:15-07:00,Apple App Store,
GurushankarDS. I’m not able to open my playlist quickly.it’s takeing a very long time and also the song I select takes a long time to play kindly rectify and reply to what I should do Thank you,1,2026-06-27T16:15:39-07:00,Apple App Store,
"About the new update. After the new update my experience with Spotify is horrible, like what do you mean i need to have premium for everything like I have limited skips. I can’t listen to the song, I desire I can’t add it to queue…Spotify If you can change a few things for the free plan would be better than all of us buying a premium just to listen to songs.",2,2026-06-27T12:48:10-07:00,Apple App Store,
Love this. Part of my life,5,2026-06-27T12:23:45-07:00,Apple App Store,
We screw over musicians for a living,1,2026-06-27T11:04:57-07:00,Apple App Store,
I HATE IT AFTER THE UPDATE WDYM I CANT CHANGE THE MUSIC MORE THAN 6TIMES IN AN HOUR. First of all I hate the new update it sucks like I can’t even listen to any of my songs with this update and now literally everything is premium whts next all the music is also going to be premium? Oh well it sucks I am barely even using this app before I used to spend minimum 2hrs on this app everyday now I can’t even use it Spotify I hope u all shift back to how it was or u are facing major backlash,1,2026-06-27T10:40:06-07:00,Apple App Store,
Adds are too much its about to be one after one hour of songs,3,2026-06-27T09:56:23-07:00,Apple App Store,
Songs. Fresh Music for Fresh Mood,5,2026-06-27T08:00:38-07:00,Apple App Store,
"Nice music experience. Very clear music, music lists is much liked like it handpicked so personally",5,2026-06-27T07:31:59-07:00,Apple App Store,
Spotify. Very good but ads are annoying overall good app,5,2026-06-27T07:04:44-07:00,Apple App Store,
Too Good. It’s my friend now can’t think a day without Spotify,5,2026-06-27T06:44:58-07:00,Apple App Store,
This means a lot. Soothening effect,5,2026-06-27T06:28:43-07:00,Apple App Store,
Give me one year free please. Impressive,5,2026-06-27T06:17:36-07:00,Apple App Store,
Spotify Ke Bina zindagi Adhura Hai Sach me Bhai❤️,5,2026-06-27T06:16:22-07:00,Apple App Store,
My opinion. Love this app bcz I’m a musicollic I love to listen music no matter where im what I’m doing exspecially when I ride my bike I needed to hear music otherwise I can’t go anywhere this app makes it to select my favourite music while driving and I enjoy my own music and love this platform,5,2026-06-27T05:34:37-07:00,Apple App Store,
"Nice. Great app! I love the lossless audio, but as tech enthusiasts, we really want spatial audio (dolby atmos) now. 😊",5,2026-06-27T05:17:15-07:00,Apple App Store,
Spotify has reduced the sound quality of the basic subscription and is selling premium now. It’s just pathetic that Spotify has reduced the sound quality of the basic subscription now and is pushing hard to sell premium to existing customers now. It’s better to go back to Apple Music!,1,2026-06-27T05:01:48-07:00,Apple App Store,
Spotifypagluu. I’m in love with spotify,5,2026-06-27T04:25:45-07:00,Apple App Store,
Taste. This app is really amazing for me.,5,2026-06-27T03:05:11-07:00,Apple App Store,
Nice. Good but i dont want to do recharge,5,2026-06-27T02:13:03-07:00,Apple App Store,
Stupidity. Every thing is just pay to use and lags a lot. The app often crashes so much and also tries to hack my iPad. Have gotten many security alerts about Spotify trying to steal and sell my information.,1,2026-06-27T01:50:13-07:00,Apple App Store,
Trap of getting addicted to Spotify premium. Too many advertisements which is very annoying,1,2026-06-27T00:45:15-07:00,Apple App Store,
Spotify my daily does of happened 💟. S potify your music is is the soundtrack of my happiest moments ❤️‍🩹🎵,5,2026-06-27T00:27:33-07:00,Apple App Store,
"Best music app. Best music, best combination and thank you for the best collection, Spotify🫶✨",5,2026-06-26T23:33:37-07:00,Apple App Store,
I die without it. I spend around 8 hours a day listening to Spotify,5,2026-06-26T23:25:25-07:00,Apple App Store,
"Glad to see again last one icon which is really nice and cool and keep it , that sparking icon was looks cheapest one and not suitable for Spotify.",5,2026-06-26T22:56:33-07:00,Apple App Store,
It is the worst music app it only gives adds and after only two songs it asks for premium subscription and it also does not have much good music algorithms spotify teams are all just trying to sell their premium and earn profits do not download this app,1,2026-06-26T22:47:06-07:00,Apple App Store,
Good songs good music,5,2026-06-26T22:45:38-07:00,Apple App Store,
Pros and cons of Spotify. Very nice how creates Spotify but too many ads there were three round of ads so one request is to reduce the add from 3 t0 1,5,2026-06-26T22:40:05-07:00,Apple App Store,
Super app. It’s the reson i sleep peacefully,5,2026-06-26T21:55:23-07:00,Apple App Store,
Stop showing too lengthy ads,2,2026-06-26T21:46:52-07:00,Apple App Store,
Review. Best music app ever,5,2026-06-26T20:54:48-07:00,Apple App Store,
Rana. Very useful and able to find all needs,5,2026-06-26T20:36:16-07:00,Apple App Store,
App is so good. Amazing absolutely,5,2026-06-26T20:25:58-07:00,Apple App Store,
User interface. Best app out there,5,2026-06-26T20:05:18-07:00,Apple App Store,
Wrost add experience. Add come after aeach song,1,2026-06-26T19:54:01-07:00,Apple App Store,
If you don’t have premium its hell for you. After 2 song they give 3mins ad in which we only get 6 skips per hour and coudnt even search and play our specific song and many many many more things like this,1,2026-06-26T18:23:43-07:00,Apple App Store,
My opinion. I used to like this app more than any other but now I don’t wanna use it i am not a premium person so i dont buy subscription’s and i get ads more than music,1,2026-06-26T16:38:25-07:00,Apple App Store,
Thank you so much Spotify. 10,5,2026-06-26T14:02:55-07:00,Apple App Store,
Worst experience. Very bad in playing the playlist and more number of adds are seen,3,2026-06-26T12:47:14-07:00,Apple App Store,
Review. Great app for a lot of things; Lyrics are not available sometimes which is annoying plus the problem with ID in apple. Man I don’t know what’s going on with the guy in the office but he needs to work for the salary he is paid. To lazy if you lose your phone it’s done keep on running here and there no point I don’t know why it is so hard to locate a device which the company made itself it has an identity which can not be copied so I guess the people in the company are helping the thieves and the scammers. I mean what’s so hard to understand here. Yeah it has an email problem and if you register your phone number you are done the company will harass you so much are there is no customer care. I do not know what’s they want but one thing is for sure they definitely are getting free salaries. Someone should read this and blog and copy and paste this everywhere should be on the news too.,5,2026-06-26T11:28:11-07:00,Apple App Store,
Nice. App very useful,5,2026-06-26T11:07:51-07:00,Apple App Store,
Bestest. Best music player with next move on your emotions ♥️,5,2026-06-26T09:47:54-07:00,Apple App Store,
"Worst app. Cant choose ur own songs every time ,too many adds cant download songs cant do anythin without premium dont download its buns",1,2026-06-26T09:17:10-07:00,Apple App Store,
3 star. Too many things behind premium.,3,2026-06-26T08:14:11-07:00,Apple App Store,
I HATE THIS APP VRO. I used to have premium a few years back but like i realized i didnt rlly need it and stopped but now this app has become UNUSABLE LIKE U CANT EVEN PICK SOMGS AND WHENEVER I PICK A PLAYLIST THEY LITR PUT SOME OTHER SONG SAYING THAT ITS SIMILAR AND I CANT SKIP IT? I cant even fast forward im not gonna get premium out of pettiness this app sucks,1,2026-06-26T08:07:12-07:00,Apple App Store,
You are music. Wonderfull,5,2026-06-26T07:36:07-07:00,Apple App Store,
Not free. Make it free,4,2026-06-26T06:35:16-07:00,Apple App Store,
Due to Adds. So many adds,1,2026-06-26T05:29:30-07:00,Apple App Store,
Very good. Great but lots of adds,4,2026-06-26T05:01:38-07:00,Apple App Store,
Too much disturbance ads,1,2026-06-26T03:26:07-07:00,Apple App Store,
Stop the premium thing and let us play our song in any order,1,2026-06-26T01:29:38-07:00,Apple App Store,
No title. Fail Spotify stupid ad’s …,1,2026-06-26T00:15:00-07:00,Apple App Store,
"Amazing, as good as amazon music. If u want to transfer playlists to and fro other music portals, use their inbuilt transferer",5,2026-06-25T23:44:54-07:00,Apple App Store,
noisy adds even for paying customers. I am paying to avoid ads but still gets noisy ads,1,2026-06-25T22:04:06-07:00,Apple App Store,
Musical life. Amazing. Reads my mood and provides amazing list of songs,5,2026-06-25T21:53:21-07:00,Apple App Store,
Love you spotify. Fabulosss I just loved it,5,2026-06-25T19:46:10-07:00,Apple App Store,
Cannot selecting the songs. Bad,1,2026-06-25T19:18:34-07:00,Apple App Store,
"हे मेरे प्रभू. मै खडा तेरे द्वार…... Nicky sing a song Dear Brother, keep it up brother, God bless you all team 👍",5,2026-06-25T18:22:39-07:00,Apple App Store,
Review. It help to motivate and it always be a healer for sometimes,5,2026-06-25T18:15:41-07:00,Apple App Store,
".. CRAZYYYY HAIII BHAIIIIII , premium lelo maza ayega",5,2026-06-25T14:20:39-07:00,Apple App Store,
The app is amazing it runs best on CarPlay of ios devices and we can listen add free music by purchasing a not expensive,5,2026-06-25T12:39:47-07:00,Apple App Store,
Clear Music. Awesome,5,2026-06-25T12:06:24-07:00,Apple App Store,
Not happy. Too much add. After each song there will a add again and again sometime.,1,2026-06-25T10:25:48-07:00,Apple App Store,
"Fake offers, restrictions after some days of use, compelling to buy premium. Very disappointed,trying to make us regular subscribers by using 99for 3 months, but we go inside it asking more money,",1,2026-06-25T09:42:34-07:00,Apple App Store,
This app doesn’t need a review.. Download and trust me 😏,5,2026-06-25T09:36:44-07:00,Apple App Store,
"Specifically for TV App. The fireOS app that you have is not good. The suggestions specifically, sync and fix that feature. Otherwise your algo is better than Youtube. :)",3,2026-06-25T08:07:39-07:00,Apple App Store,
All time fav. Best platform worlwide for listening all kinds of songs,5,2026-06-25T04:18:54-07:00,Apple App Store,
Best option in form of apps. I am loving it,5,2026-06-25T04:18:12-07:00,Apple App Store,
Ads problem. Very ads are running,1,2026-06-25T04:16:29-07:00,Apple App Store,
"Require Apple Music audio quality.. Get audio quality at par Apple Music. Atmos I love Spotify I have to use both because of flexible Spotify , while interface and accessibility and ease of use of apple is zero compared to Spotify I get I want here on Spotify interface, and Never on Apple. But you should see what’s in apple audio which Spotify is missing. Difference of audio is of day and night.",2,2026-06-25T03:20:14-07:00,Apple App Store,
I am Spotify last 1 and half years and very satisfied with spotify all over music experience is good,5,2026-06-25T02:42:54-07:00,Apple App Store,
Spotify. It’s an amazing app to listen,5,2026-06-25T01:03:39-07:00,Apple App Store,
"A permanent part of my life. The title says it all. The ability to explore the indie to vintage scene across all genre is impeccable. The fact that I am able to listen to new music in whichever genre I want, is peak algorithm implementation.",5,2026-06-25T00:54:43-07:00,Apple App Store,
FUT REVIEW. Enjoyed all the match Reviews. Well-done guys,5,2026-06-25T00:51:28-07:00,Apple App Store,
Price. New policy not good,1,2026-06-24T20:35:37-07:00,Apple App Store,
Irrigated by adds. To much in the free version,1,2026-06-24T14:38:02-07:00,Apple App Store,
Songs are not playing as per play list,1,2026-06-24T10:41:42-07:00,Apple App Store,
just...AMAZING!. there are MANY playlists!! AND there are soo many songs of YOUR liking! you will always find what you want!,5,2026-06-24T09:45:09-07:00,Apple App Store,
best platform. best platrorm for traveling and getting relax,5,2026-06-24T08:45:35-07:00,Apple App Store,
Repeat. Songs are very repetitive,3,2026-06-24T08:19:50-07:00,Apple App Store,
Yayyyyy. Yay what a amazing app use it I appreciate it so much,5,2026-06-24T08:16:00-07:00,Apple App Store,
Why is almost every thing is paid. I don’t like it,1,2026-06-24T07:56:18-07:00,Apple App Store,
*. Too many unwanted adds so irritating,1,2026-06-24T07:16:55-07:00,Apple App Store,
"The Ultimate Music Companion. Spotify remains the best music streaming platform, offering millions of songs, expertly curated playlists, personalized recommendations, podcasts, and seamless cross-device listening.",5,2026-06-24T07:10:29-07:00,Apple App Store,
About premium. 1 month can be rs.99,5,2026-06-24T06:52:29-07:00,Apple App Store,
"Spotify is my Soulmate. Everyone can easily search for and find songs on Spotify. Also, its interface is excellent. I really like Spotify. Thank you.",5,2026-06-24T06:29:41-07:00,Apple App Store,
Best. My only favourite 💕🫶🏻,5,2026-06-24T05:08:56-07:00,Apple App Store,
Good music app. Prices are kindof high,5,2026-06-24T04:04:03-07:00,Apple App Store,
spotify rating by me. spotify i liked alot of thinsg bette rthen yt only free so not paid first it had all the songs i needed and has playlists which are alot public then is that they translated lyrics posiibel you cna listen songs without need ing to be in the app like qhile just playing games or eidting also taht it does not have taht much adds then yt mekas it good but ab dyhisng no donwlod for oflline adds an dlaos privacy concerns an dbig adds and no adds about tech or something taht youw ill buy liek spotify prmeium and also it betetr then yt music becua se yt music doe snit have play msuic in diffrent app i wkno it can be solved somewhta by new ios upadtes so when you jsut swipe away apl it running tehre e will be vdioe icon but it does not have one thing your song will not be siwtched,4,2026-06-24T03:46:56-07:00,Apple App Store,
Review. Excellent app but showing too much ads,5,2026-06-24T02:54:37-07:00,Apple App Store,
The only problem. I only have one problem which are ads in the free version but other than that it’s perfect!,5,2026-06-24T01:55:40-07:00,Apple App Store,
Review. Something good for a good timepass,4,2026-06-24T01:39:55-07:00,Apple App Store,
Too much ads. Irritating always playing ads,1,2026-06-24T00:39:41-07:00,Apple App Store,
"feedback. Music suggestion on shuffle is not good , thats needs improvement, from romantic songs it goes to spritual music then to patriotic",4,2026-06-23T23:18:21-07:00,Apple App Store,
Chaudhary. Top class song,5,2026-06-23T23:05:02-07:00,Apple App Store,
very keen for business. Thanks for providing such great content,3,2026-06-23T22:19:45-07:00,Apple App Store,
"Great Music App. I’ve been using spotify regularly and love the playlist, recommendations, and sound quality. The app works well most of the time. I gave 4 start for ad interruption.",4,2026-06-23T20:40:48-07:00,Apple App Store,
Trendy. It goes with the moods,5,2026-06-23T20:39:11-07:00,Apple App Store,
"App full of ads. Lot many ads. I know it’s the way to force for paid account. However, It won’t workout like that.",1,2026-06-23T20:08:47-07:00,Apple App Store,
Worst. Why are you showing advertisement wallpaper …,1,2026-06-23T13:21:16-07:00,Apple App Store,
never install ever only ads and restrictions. every hour only six skips everytime you are not able to select songs by your choice what make it a complete paid application why you asking after installation when you restricted evrything and why people come to install this,1,2026-06-23T13:11:24-07:00,Apple App Store,
🌹. Hi my name is Lc and I always like to play Spotify it’s changing my mood making me happy always now Spotify is my shadow always with me in good and bad mood helping me in every day,5,2026-06-23T11:05:34-07:00,Apple App Store,
My forever Music companion. Crazy Love for recommendations,5,2026-06-23T09:46:14-07:00,Apple App Store,
It’s the best app for music world best app,5,2026-06-23T09:06:53-07:00,Apple App Store,
Why do i love this ?. I only love the payed version un-payed version sucks,5,2026-06-23T08:24:30-07:00,Apple App Store,
"Best app award. Spotify should get the award of best app because it is so cool If you have a playlist, you just need to put all your favourite songs and at the starting, they will give you only one add, and then they will play your whole playlist and not even show one add, please download this app because you don’t even need a premium now, download it now",5,2026-06-23T08:09:39-07:00,Apple App Store,
Wonderful. Great app,5,2026-06-23T02:39:45-07:00,Apple App Store,
❤️‍🔥✨. One of the best music app i have been used,5,2026-06-23T01:52:46-07:00,Apple App Store,
"Repetitive songs. When I am listening to the songs which are not saved in my playlist, the same songs are played back to back instead of new songs. Pls check",5,2026-06-23T00:07:50-07:00,Apple App Store,
But ads bohut aa vse good aa app 😌👍🏻,5,2026-06-23T00:04:09-07:00,Apple App Store,
Spotify. I liked it but everything needs money,5,2026-06-22T23:32:00-07:00,Apple App Store,
"Lyrics page not user friendly. If i keep a song on repeat, and i have opened the lyrics section, then once the song restarts, the lyrics section goes away and it comes back to the original place",3,2026-06-22T23:05:23-07:00,Apple App Store,
Yeh raatein. My favourites on a click👍🏻,5,2026-06-22T22:52:06-07:00,Apple App Store,
"Too many ads. Earlier used to have 30 mins non stop music, now after every sing long breaks",2,2026-06-22T22:42:34-07:00,Apple App Store,
Excellent. It is beyond anyone’s imagination,5,2026-06-22T20:10:14-07:00,Apple App Store,
Why music swapping is blocked when you are on advertisement. Why advertisement and blocking swapping together,1,2026-06-22T19:49:20-07:00,Apple App Store,
No more skips. Dont make this much interruption just for a premium huhh pathetic,2,2026-06-22T10:27:31-07:00,Apple App Store,
"Check the number of info they are spying on you also ZERO FREE SERVICE!. Initially it was almost free for every basic use such as drag slider to play a specific part of song or just drag reverse to play again, selecting a song from your own custom playlist or simply clicking next button or stopping auto shuffle selection. Later they stoped every function or very basic features and I found them too greedy as they are already playing commercial breaks almost every time after a song or something 3 breaks at a single time making this app as a WORST EVER EXPERIENCE & I DO NOT RECOMMEND THIS APP TO ANYONE!",1,2026-06-22T10:25:53-07:00,Apple App Store,
Gs. Gooooooodesttttt,5,2026-06-22T10:19:33-07:00,Apple App Store,
So many adds reduce them or give one long add and then uninterrupted music for 30 mins,1,2026-06-22T09:59:20-07:00,Apple App Store,
I luv Spotify it has all my emotions in it,5,2026-06-22T09:53:41-07:00,Apple App Store,
Advertise too much. Too many adds can’t enjoy the music,1,2026-06-22T09:51:20-07:00,Apple App Store,
Pay to win. U only care about making maney,2,2026-06-22T09:06:48-07:00,Apple App Store,
The best app. That’s my one of the favourite app ♥️💚that’s feel like awesome Everything this good,5,2026-06-22T08:27:59-07:00,Apple App Store,
Discount plz. Started using from 2018 and it is the best only if u have premium 🤧🤧😂. But the best.,5,2026-06-22T08:05:05-07:00,Apple App Store,
Regarding Spotify logo. Please never change this logo The logo that u guys have tried in previous update was pathetic ✌🏻,5,2026-06-22T07:51:59-07:00,Apple App Store,
Problems. Can’t hear,5,2026-06-22T07:27:59-07:00,Apple App Store,
Problem with subscription. Aa,2,2026-06-22T02:39:08-07:00,Apple App Store,
2-3 song play krne ke bad subscription mangta h,1,2026-06-22T00:44:10-07:00,Apple App Store,
Make it affordable. Make platinum plan affordable and for 2-3 months,3,2026-06-22T00:17:42-07:00,Apple App Store,
Pleasure to have till this from 2019-till. It’s always a pleasure to listen music on Spotify. App has a long way in India. With time it’s managed to keep their listeners engaged. Spotify really made every single song to worth listening. It came in year of like 2019 in India. From there till I have listened to it. Pleasure to have it the Spotify playlist/music,5,2026-06-22T00:05:12-07:00,Apple App Store,
Honest review. Excellent app but it need to introduce some more premium plans,5,2026-06-22T00:05:03-07:00,Apple App Store,
5stars. It is the best place to listen songs but with premium as once add came it’s gone for 2 to 3 minutes and the 2 to 3 minutes kill all the vibes and once the vibes are gone they are goneee,4,2026-06-21T23:16:37-07:00,Apple App Store,
"Money grubber. This app only wants money. You cannot select the song you want to play, you cannot select or move the song from where you want to play and you cannot even go back. Just one thing plug earphone and play the random sing which has only forward button thats all even now you have lot more ads of one minute and this app gives nothing and charge for everything it is better to switch to other apps",1,2026-06-21T20:58:40-07:00,Apple App Store,
"Great app, but expensive. Hate that they’ve made it expensive now.",5,2026-06-21T20:12:42-07:00,Apple App Store,
Cannot turn to Premium. I cannot upgrade to Premium on Spotify,3,2026-06-21T19:30:53-07:00,Apple App Store,
Over priced no yearly plan. Only caring for paid users,1,2026-06-21T17:12:22-07:00,Apple App Store,
Awwww mah fav. Awwww mahh fav❤️,5,2026-06-21T15:11:50-07:00,Apple App Store,
"Disturbance. This app throw the senseless add in between the music that played for sleep, get disturbed",1,2026-06-21T14:57:21-07:00,Apple App Store,
Advertisement. Too much ads,3,2026-06-21T12:39:32-07:00,Apple App Store,
I’don’t like add s. Add free plz,1,2026-06-21T12:23:36-07:00,Apple App Store,
"Irritating Subscription Plan. 1. I added some 10 addresses and none of it could be found in your app, I had to select a place 6 km away from my own place as my address. 2. Why was it not mentioned before buying the plan that all 3 accounts have to live in the same geography? My brother lives in Canada and I wanted to share the plan with him, it’s useless for me now! 3. Why did you guys discontinue the annual subscription? 4. The site doesn’t open from the app, I click on “Buy a Plan” and nothing happens, not even redirection!",2,2026-06-21T12:16:59-07:00,Apple App Store,
Must useable. Everyday useful thing Ide bina din ni langda,5,2026-06-21T10:40:46-07:00,Apple App Store,
Babsjaabe. Hsjahauakeneh,5,2026-06-21T10:01:23-07:00,Apple App Store,
Fine library and fast search. Very fine app a vast libraries and fast search,5,2026-06-21T07:36:34-07:00,Apple App Store,
Great. A very convinient but not without premium,5,2026-06-21T06:49:35-07:00,Apple App Store,
Honest review. The app is so sick just when you have premium until you don’t get the premium its is just normal app with much problems,5,2026-06-21T05:46:15-07:00,Apple App Store,
Excellent app to hear music. One of the greatest music app. But an app called bloomee have more volume sound than the spotify premium..,3,2026-06-21T04:30:30-07:00,Apple App Store,
"Overpriced app with very restrictive music playing. It’s not possible to skip songs in an order if you aren’t subscribed. Advertisements are also higher than usual in the app for free plan. Sound quality is better but their monthly rates are too high, varies by region yet expensive.",1,2026-06-21T03:03:20-07:00,Apple App Store,
Spotify is comfort. Every time whenever I’m feeling sad or happy I always go for Spotify I just love Spotify music’s,4,2026-06-21T02:20:24-07:00,Apple App Store,
Spotify Review. I love this app I can do all my work listening to these songs and it makes me feel relaxed and it makes my day better listening to my favourites songs,5,2026-06-21T02:15:12-07:00,Apple App Store,
Very good. My favourite app,5,2026-06-21T01:11:22-07:00,Apple App Store,
I love-this app. Everythings perfect but darling can you please reduce the ads,5,2026-06-21T01:10:41-07:00,Apple App Store,
"Best music app, follows the basics and gives good experience",5,2026-06-20T23:48:08-07:00,Apple App Store,
Hamsafer-e-dil ki awaaz. Feeling at delight,5,2026-06-20T23:21:33-07:00,Apple App Store,
North spoty. Nice song,5,2026-06-20T22:40:01-07:00,Apple App Store,
Be more musical. Too many ad’s harmful to ear,3,2026-06-20T21:34:09-07:00,Apple App Store,
It’s good but for offline it’s not ok bcz we nned to pay premium for offline songs,5,2026-06-20T20:35:24-07:00,Apple App Store,
"Good collection. All songs available, but need more quality audio for subscribed members. Pretty similar audio quality for both member and non member",5,2026-06-20T20:34:06-07:00,Apple App Store,
Subscription issues. I am trying to subscribe but it doesn’t work please helps me.,5,2026-06-20T18:46:08-07:00,Apple App Store,
"Good app but there’s only one thing... So she just blocked me on spotify out of her hate towards me, and now the playlist we made for us is not accessible for both of us, can yall add smth through which i can have access to that playlist it means a lot to me really… Thanks for consideration.",5,2026-06-20T15:48:11-07:00,Apple App Store,
"No Liquid Glass. So much time has passed, but Light Mode still hasn't arrived. Updates come every week but not a single new feature has arrived. I don't know if Liquid Glass will arrive in 10 years. There's no point in buying a premium plan. Apple Music is better, offering so many features.",1,2026-06-20T12:48:42-07:00,Apple App Store,
"For the CEO. Spotify, your pathetic ad service is absolute garbage. Every few minutes you blast the same brain-rotting commercial straight into my skull at full volume like your desperate mother yelling for loose change outside a gas station. ‘Tired of ads?’ I’m tired of your entire worthless bloodline ruining my music. Your father probably slapped this broken system together while living in his mom’s basement eating cold beans, and your sister spends her days testing the volume by screaming at her parade of failed relationships and neglected kids. Your whole family tree is a rotting dumpster fire of cheap interruptions and broken promises. Fix this trash or I’ll cancel Premium and spit on your legacy, you parasitic, ear-raping failures. Let me listen in peace before I hunt down every last one of you.",1,2026-06-20T10:41:38-07:00,Apple App Store,
This is a very good app for songs and podcasts.. Excellent,5,2026-06-20T09:55:32-07:00,Apple App Store,
Nice. Excellent application,5,2026-06-20T09:47:12-07:00,Apple App Store,
Average. Not good too many ads,1,2026-06-20T08:26:18-07:00,Apple App Store,
Thankful. After listening to this songs I feel so relax without any stress and depression once again thank you so much,5,2026-06-20T07:31:16-07:00,Apple App Store,
❤️. It’s was very good,5,2026-06-20T06:37:40-07:00,Apple App Store,
Order of songs. You can’t play songs in your order unless you get premium. Honestly this is irritating.,1,2026-06-20T03:39:10-07:00,Apple App Store,
Song ads. There are too many ads and we run out of songs quickly,5,2026-06-20T02:54:41-07:00,Apple App Store,
Peaceful. Supporting in my bad time ❤️‍🩹,5,2026-06-20T02:15:05-07:00,Apple App Store,
Rating. I like this app,5,2026-06-20T02:12:27-07:00,Apple App Store,
The new logo is looking very bad. Previous logo was much better than the current one,3,2026-06-20T01:55:33-07:00,Apple App Store,
"Ads every now and then. This music app feels trauma every time i open it . So you play even when opening spotify app if i don’t have subscription, wow !",1,2026-06-20T01:17:42-07:00,Apple App Store,
Keeps on hanging since a month. Hanging is frustrating,1,2026-06-20T01:11:48-07:00,Apple App Store,
More adds than songs. If we use for 1 hrs adds will be 30 mins,1,2026-06-20T01:10:45-07:00,Apple App Store,
Spotify really feels me. The auto queue almost always knows what I am feeling and plays songs that’s so close to what I need to hear at that moment.,5,2026-06-19T23:49:12-07:00,Apple App Store,
Magic of songs. Love the songs,5,2026-06-19T23:48:34-07:00,Apple App Store,
Super exited 🤩. For my mood it’s enough,5,2026-06-19T23:25:37-07:00,Apple App Store,
Great experience. Bhut bdiya app hai maje hi agye,5,2026-06-19T22:17:59-07:00,Apple App Store,
... No other app in this segment beat spotify,5,2026-06-19T21:50:45-07:00,Apple App Store,
Ads ads ads. Can’t listen to fav songs and too many ads ..for this reason I’m not going to buy premium and uninstalling app right now,1,2026-06-19T21:11:55-07:00,Apple App Store,
New update broken the app. After the latest update unable to play songs. Play button is not working at all.,1,2026-06-19T17:29:43-07:00,Apple App Store,
farzi worst. fatzi2.0,1,2026-06-19T14:59:45-07:00,Apple App Store,
Thought. Amazing but you should reduce the adds.,5,2026-06-19T11:53:55-07:00,Apple App Store,
quality of songs. outstanding,5,2026-06-19T10:06:20-07:00,Apple App Store,
MY DAILY ROUTINE. Spotify is my life partner,5,2026-06-19T09:01:57-07:00,Apple App Store,
liza puzina. puzina liza,5,2026-06-19T08:34:28-07:00,Apple App Store,
Best music app. Keep it up,5,2026-06-19T07:47:32-07:00,Apple App Store,
Udi udi. This app gave me sukoon,5,2026-06-19T07:36:20-07:00,Apple App Store,
Because of bts I’m using Spotify 😆,5,2026-06-19T07:22:30-07:00,Apple App Store,
Spotify. Always so many ads but super app,5,2026-06-19T07:01:49-07:00,Apple App Store,
Spofity review. It good for me because I am a songs lover and a i listen everyday so it is good for so I love it,5,2026-06-19T05:58:45-07:00,Apple App Store,
"Spotify is not just an app but it has turned into my best friend forever. The recommendation, the playlist is just above the marking. I just play one song of the era and plays its next role. Spotify is my HERO❤️❤️❤️❤️❤️❤️❤️",5,2026-06-19T05:40:49-07:00,Apple App Store,
Not been opened. Amazing app though but not able to open,1,2026-06-19T05:23:01-07:00,Apple App Store,
Why are they showing me advertisements when I have purchased the premium subscription?,1,2026-06-19T04:53:40-07:00,Apple App Store,
Review. I love spotify,5,2026-06-19T04:49:18-07:00,Apple App Store,
Best of best. Best app for music I think no other apps are better than this :),5,2026-06-19T03:43:42-07:00,Apple App Store,
I am not getting premium,5,2026-06-19T03:26:41-07:00,Apple App Store,
Awesome!. Best recommendation engine ever! Best lossless quality!,5,2026-06-19T03:00:42-07:00,Apple App Store,
Like that. Bangerrrr,5,2026-06-19T01:44:03-07:00,Apple App Store,
Bad after subscribing. After subscription suggestions and algorithm stopped working. I’m not satisfied with the song suggestions.,3,2026-06-19T00:58:58-07:00,Apple App Store,
Really. This app was so much good,5,2026-06-19T00:40:29-07:00,Apple App Store,
I like Spotify. Because it have good sounding and the way to listen,5,2026-06-19T00:26:15-07:00,Apple App Store,
Log in with phone number option not available in IOS. I am trying to login as i have my account associated with my phone number but its only showing options to login with email,4,2026-06-18T23:41:40-07:00,Apple App Store,
Please show less add break,5,2026-06-18T23:22:48-07:00,Apple App Store,
"Spotify’s AI is thrash. Well you can only use this if you’re ready to pay the premium and even though if I have a premium account, the AI recommendations and the song recommendations when you play a random song is thrash.",3,2026-06-18T21:06:38-07:00,Apple App Store,
Always a great experience. Amazing sound quality! ☺️,5,2026-06-18T20:43:49-07:00,Apple App Store,
Very bad. What about poor people who listen to music? Should they all buy subscriptions and listen to?,1,2026-06-18T20:15:44-07:00,Apple App Store,
Subscribtion. Its worth it,5,2026-06-18T18:20:19-07:00,Apple App Store,
"Waste app. 0 rating only for money, each month paying 199 but no good waste of money no good song",1,2026-06-18T16:45:16-07:00,Apple App Store,
Too many adds. Just worst,1,2026-06-18T12:53:22-07:00,Apple App Store,
Super application. Nice,5,2026-06-18T12:47:00-07:00,Apple App Store,
Kk. Very adds disturb,5,2026-06-18T12:23:06-07:00,Apple App Store,
"Good, lacks collection of songs in regional languages like malayalam.. Good, but does not have all the regional languages song collections that the youtube music has.",4,2026-06-18T11:51:47-07:00,Apple App Store,
the lossless. it really brings out the best from your audio setup,5,2026-06-18T11:23:12-07:00,Apple App Store,
Nice. Very good work,5,2026-06-18T11:04:25-07:00,Apple App Store,
